product_id,product_name,category,segment,size,fulfilled_volume,net_sales,net_gp,net_margin_pct,return_rows,return_qty,wrong_size_rows,wrong_size_refund
388,LotusWear UC-02,Streetwear,Everyday,S,347.0,3613466.04,-579795.4644886366,-0.16045410640932345,6.0,16.0,3.0,107611.9
1682,VietMode UE-12,Streetwear,Performance,L,359.0,2581456.52,-461268.8020000004,-0.17868548179149668,7.0,19.0,3.0,47470.25
408,SaigonFlex UM-13,Streetwear,Balanced,S,218.0,2994964.32,-398590.29537209304,-0.13308682601337068,1.0,3.0,0.0,0.0
949,HanoiStreet UC-12,Streetwear,Everyday,M,209.0,2728345.75,-336148.4135,-0.12320594393140973,6.0,25.0,3.0,156983.73
335,LotusWear UE-56,Streetwear,Performance,XL,315.0,2789333.76,-320427.35249999986,-0.1148759453225131,4.0,8.0,3.0,56616.100000000006
334,LotusWear UE-55,Streetwear,Performance,L,117.0,2504964.11,-295665.76749999996,-0.11803193759131342,1.0,1.0,0.0,0.0
540,SaigonFlex UC-05,Streetwear,Everyday,S,278.0,3643653.61,-266018.96291958814,-0.07300885083848246,5.0,14.0,4.0,176475.91
444,SaigonFlex UM-49,Streetwear,Balanced,S,65.0,553582.4299999999,-263898.495625,-0.476710389137531,0.0,0.0,0.0,0.0
968,HanoiStreet UC-31,Streetwear,Everyday,S,289.0,2040725.96,-253105.9251949156,-0.12402739522895842,5.0,9.0,2.0,14873.33
1752,SaigonCore UM-04,Streetwear,Balanced,S,233.0,1914279.21,-247438.97590909086,-0.1292596057129466,2.0,9.0,1.0,38475.29
177,DragonWear UE-05,Streetwear,Performance,M,167.0,1180000.06,-234762.03059499981,-0.19895086326944747,2.0,3.0,1.0,13911.72
430,SaigonFlex UM-35,Streetwear,Balanced,L,339.0,3310685.34,-232202.65147500022,-0.0701373364208029,3.0,10.0,1.0,14897.69
520,SaigonFlex UE-08,Streetwear,Performance,S,353.0,2241268.95,-229539.5475000002,-0.1024149946395323,5.0,11.0,1.0,20998.77
347,LotusWear UE-68,Streetwear,Performance,XL,80.0,2895363.79,-216836.21,-0.07489083435694967,3.0,4.0,1.0,84494.47
483,SaigonFlex UM-88,Streetwear,Balanced,XL,56.0,828430.47,-210832.15728358203,-0.2544958990747673,0.0,0.0,0.0,0.0
1898,BambooCraft UC-17,Streetwear,Everyday,L,266.0,2884954.2600000002,-208608.4637586207,-0.07230910612725648,4.0,6.0,2.0,34047.77
385,LotusWear UE-06,Streetwear,Performance,M,210.0,1431330.35,-200430.53004999994,-0.14003093698809638,1.0,2.0,0.0,0.0
86,DragonWear UM-13,Streetwear,Balanced,L,189.0,2356895.76,-188225.49,-0.0798616100017932,0.0,0.0,0.0,0.0
1221,MekongFit UC-23,Streetwear,Everyday,M,248.0,1965870.6,-182553.5587200001,-0.09286143183584926,2.0,4.0,0.0,0.0
2293,VietMotion UM-08,Streetwear,Balanced,M,237.0,1987838.49,-182240.51549999986,-0.09167772755018938,4.0,9.0,1.0,18203.62
2034,UrbanVN UR-37,Streetwear,Standard,L,356.0,1529040.27,-175274.664,-0.11463050871773312,4.0,12.0,1.0,9793.96
2085,UrbanVN UC-20,Streetwear,Everyday,M,321.0,2269448.34,-170264.49149999997,-0.07502461655505231,5.0,20.0,2.0,61802.14
569,SaigonFlex UC-34,Streetwear,Everyday,M,206.0,2298709.43,-167428.13772727246,-0.07283571187475942,3.0,10.0,1.0,75469.92
835,HanoiStreet UM-19,Streetwear,Balanced,XL,358.0,1983066.73,-159349.00699999995,-0.0803548385888154,6.0,13.0,3.0,47730.93
1481,VietMode RP-73,Outdoor,Activewear,M,353.0,1539169.1,-154830.52411627898,-0.10059357618099204,2.0,5.0,1.0,12581.14
383,LotusWear UE-04,Streetwear,Performance,XL,356.0,2221008.86,-151572.0115600002,-0.06824466767773281,3.0,7.0,1.0,6103.71
2178,PhoenixWear UC-08,Streetwear,Everyday,L,106.0,891478.39,-148890.56899999993,-0.16701534290696596,1.0,6.0,0.0,0.0
899,HanoiStreet UE-08,Streetwear,Performance,XL,234.0,1447342.4,-146825.27337837822,-0.10144473994431326,1.0,4.0,0.0,0.0
882,HanoiStreet UR-28,Streetwear,Standard,L,323.0,2679736.36,-142476.62450000018,-0.05316814990710511,7.0,16.0,3.0,35209.28
1899,BambooCraft UC-18,Streetwear,Everyday,XL,211.0,2152713.82,-138545.73157462623,-0.06435863898278232,3.0,14.0,2.0,101841.06
1763,SaigonCore UR-09,Streetwear,Standard,XL,232.0,1131321.1300000001,-134654.56557281534,-0.11902417625030598,2.0,9.0,1.0,10693.8
144,DragonWear UR-15,Streetwear,Standard,S,304.0,1538561.95,-133503.40999999977,-0.08677155313765544,4.0,7.0,1.0,5536.72
389,LotusWear UC-03,Streetwear,Everyday,M,268.0,2576448.41,-131097.74275622642,-0.05088312354611688,4.0,7.0,1.0,28844.64
652,SaigonFlex UC-17,Streetwear,Everyday,S,255.0,2282328.83,-130634.17000000003,-0.05723722554037054,2.0,2.0,0.0,0.0
1514,VietMode RP-06,Outdoor,Activewear,L,315.0,1328365.97,-122593.67758620672,-0.0922890832457916,3.0,7.0,3.0,30014.629999999997
1605,VietMode RS-43,Outdoor,Premium,M,324.0,1453304.83,-122247.43525654431,-0.0841168574775495,2.0,3.0,0.0,0.0
371,LotusWear UE-92,Streetwear,Performance,XL,196.0,1637083.68,-121919.78999999994,-0.07447376788949478,1.0,6.0,0.0,0.0
369,LotusWear UE-90,Streetwear,Performance,M,101.0,859044.15,-120169.0465731818,-0.13988692731704394,1.0,5.0,1.0,38662.41
173,DragonWear UE-01,Streetwear,Performance,M,46.0,377476.96,-117953.8054072368,-0.3124794832702817,2.0,5.0,0.0,0.0
1272,VietMode MA-08,Casual,All-weather,S,183.0,979486.21,-115144.71517114085,-0.11755623917476168,2.0,7.0,1.0,17816.77
916,HanoiStreet UE-25,Streetwear,Performance,S,277.0,2539507.54,-112878.67549999998,-0.0444490412893202,4.0,13.0,4.0,114145.03
160,DragonWear UR-31,Streetwear,Standard,S,83.0,581375.71,-109113.73999999993,-0.18768197247181162,2.0,8.0,1.0,14020.46
1883,BambooCraft UC-02,Streetwear,Everyday,XL,220.0,1808193.28,-103559.03648648648,-0.05727210560504156,3.0,9.0,0.0,0.0
356,LotusWear UE-77,Streetwear,Performance,S,260.0,1173841.35,-103135.6027077671,-0.08786162006285354,3.0,20.0,0.0,0.0
541,SaigonFlex UC-06,Streetwear,Everyday,M,251.0,3736443.7399999998,-101612.60961538434,-0.027195005916343423,1.0,3.0,0.0,0.0
1299,VietMode MA-35,Casual,All-weather,XL,210.0,1202271.82,-95308.06560344827,-0.07927330909531612,5.0,10.0,0.0,0.0
1800,SaigonCore UC-06,Streetwear,Everyday,S,180.0,1210306.69,-94949.98999999971,-0.07845118165875768,3.0,13.0,1.0,20197.67
359,LotusWear UE-80,Streetwear,Performance,XL,283.0,3597098.4,-94440.62250000026,-0.026254667512014756,8.0,19.0,4.0,115006.62
1741,SaigonCore RP-10,Outdoor,Activewear,M,198.0,924393.47,-94120.06449999995,-0.10181818408994164,1.0,1.0,1.0,4014.19
1681,VietMode UE-11,Streetwear,Performance,M,186.0,976270.32,-93328.43211940292,-0.09559691635345723,4.0,13.0,0.0,0.0
401,SaigonFlex UM-06,Streetwear,Balanced,M,189.0,1953909.43,-90105.72500000006,-0.04611560987245968,3.0,3.0,0.0,0.0
350,LotusWear UE-71,Streetwear,Performance,L,114.0,664893.59,-87765.31954545453,-0.13199904596080486,0.0,0.0,0.0,0.0
936,HanoiStreet UE-45,Streetwear,Performance,S,346.0,1966715.22,-84473.85524999998,-0.04295174735567459,4.0,11.0,1.0,40288.92
822,HanoiStreet UM-06,Streetwear,Balanced,L,355.0,1495392.5,-81159.86743975902,-0.054273287742020254,8.0,18.0,3.0,21828.86
1762,SaigonCore UR-08,Streetwear,Standard,L,99.0,437774.88,-80506.455,-0.18389921093690895,4.0,8.0,1.0,4717.3
1744,SaigonCore RP-13,Outdoor,Activewear,S,97.0,404495.83999999997,-76297.51584482756,-0.18862373428816367,0.0,0.0,0.0,0.0
2079,UrbanVN UC-14,Streetwear,Everyday,XL,170.0,989135.35,-70980.88948275852,-0.07176054266259771,4.0,11.0,2.0,28461.0
1768,SaigonCore UE-03,Streetwear,Performance,S,128.0,1254486.46,-70755.33199999992,-0.05640182995677763,1.0,3.0,0.0,0.0
1210,MekongFit UC-12,Streetwear,Everyday,L,86.0,505022.64,-70543.23899999999,-0.13968331993987435,0.0,0.0,0.0,0.0
649,SaigonFlex UC-14,Streetwear,Everyday,M,198.0,1829650.49,-67214.5570000001,-0.036736282348657806,2.0,8.0,1.0,9792.96
1608,VietMode RS-46,Outdoor,Premium,S,63.0,262631.92,-66321.45343258427,-0.25252624826633513,0.0,0.0,0.0,0.0
349,LotusWear UE-70,Streetwear,Performance,M,249.0,1362342.43,-65715.14402000018,-0.04823687684747526,3.0,6.0,1.0,5729.52
1549,VietMode RP-41,Outdoor,Activewear,M,128.0,550679.9199999999,-62030.863999999994,-0.11264413636146385,2.0,2.0,0.0,0.0
136,DragonWear UR-07,Streetwear,Standard,S,239.0,1006795.34,-61481.49444999997,-0.06106652663886979,5.0,15.0,3.0,42078.009999999995
1821,SaigonCore YY-16,GenZ,Trendy,M,206.0,682179.91,-59864.58649999997,-0.08775483655037564,4.0,9.0,1.0,8784.58
1440,VietMode RP-32,Outdoor,Activewear,S,263.0,1046290.4,-59314.17233333349,-0.05668997090419016,5.0,17.0,2.0,15521.83
141,DragonWear UR-12,Streetwear,Standard,M,83.0,586229.29,-59055.45499999997,-0.10073781028580125,2.0,5.0,1.0,3783.33
387,LotusWear UC-01,Streetwear,Everyday,XL,21.0,181633.88,-57104.77749999999,-0.31439496585108456,0.0,0.0,0.0,0.0
1176,MekongFit UE-12,Streetwear,Performance,S,31.0,161498.36,-56595.622644213916,-0.3504408505709527,0.0,0.0,0.0,0.0
863,HanoiStreet UR-09,Streetwear,Standard,XL,281.0,922196.84,-53070.281500000056,-0.057547672251837316,5.0,17.0,3.0,19870.850000000002
244,LotusWear UR-16,Streetwear,Standard,S,162.0,1087013.6,-52848.05167,-0.04861765452612552,1.0,2.0,0.0,0.0
1405,VietMode RP-97,Outdoor,Activewear,M,163.0,674753.35,-51840.01399999996,-0.07682809429549325,2.0,7.0,0.0,0.0
346,LotusWear UE-67,Streetwear,Performance,L,77.0,872228.78,-49230.79749999995,-0.05644252818624025,1.0,6.0,0.0,0.0
937,HanoiStreet UE-46,Streetwear,Performance,M,129.0,723221.38,-48766.413499999995,-0.06742944117608912,3.0,12.0,2.0,29580.81
1331,VietMode RP-23,Outdoor,Activewear,XL,134.0,605874.6799999999,-48562.16524324326,-0.08015216157117387,2.0,2.0,1.0,4703.79
1848,SaigonCore YY-43,GenZ,Trendy,S,248.0,980992.48,-47537.535902438925,-0.04845861397677475,3.0,4.0,1.0,4154.45
243,LotusWear UR-15,Streetwear,Standard,XL,206.0,1296793.3699999999,-47337.4411000001,-0.0365034570619374,2.0,5.0,0.0,0.0
1596,VietMode RS-34,Outdoor,Premium,S,189.0,795271.57,-47220.12199999995,-0.05937609714880158,2.0,3.0,1.0,8985.49
55,DragonWear RP-10,Outdoor,Activewear,XL,75.0,301316.45,-47109.30249999992,-0.15634494067615598,0.0,0.0,0.0,0.0
1876,BambooCraft UM-14,Streetwear,Balanced,S,27.0,406801.51,-46382.85322727269,-0.11401839001844583,1.0,3.0,1.0,37830.44
155,DragonWear UR-26,Streetwear,Standard,XL,51.0,246190.94,-46071.57249999998,-0.18713756282014268,0.0,0.0,0.0,0.0
1607,VietMode RS-45,Outdoor,Premium,XL,277.0,1332485.18,-45177.201938356186,-0.03390446859480733,2.0,6.0,0.0,0.0
1592,VietMode RS-30,Outdoor,Premium,S,33.0,140167.62,-43806.49199999999,-0.3125293273867388,0.0,0.0,0.0,0.0
654,SaigonFlex UC-19,Streetwear,Everyday,L,53.0,575836.02,-43365.22026923077,-0.07530828007117507,2.0,2.0,0.0,0.0
1369,VietMode RP-61,Outdoor,Activewear,M,126.0,674579.11,-41688.10330769225,-0.06179868704753138,1.0,4.0,0.0,0.0
719,HanoiStreet RP-07,Outdoor,Activewear,XL,340.0,293391.73,-40336.28252000002,-0.13748268405520506,2.0,4.0,2.0,3633.54
1678,VietMode UE-08,Streetwear,Performance,L,68.0,529863.78,-39844.91199999996,-0.07519840665463104,1.0,1.0,1.0,7486.89
1402,VietMode RP-94,Outdoor,Activewear,L,164.0,703766.4400000001,-39651.95599999993,-0.0563424933988042,0.0,0.0,0.0,0.0
43,DragonWear MA-43,Casual,All-weather,XL,89.0,376257.04,-37940.84279545449,-0.10083756252229724,0.0,0.0,0.0,0.0
610,SaigonFlex UC-75,Streetwear,Everyday,L,85.0,777576.76,-37369.254620000014,-0.04805860532663041,2.0,5.0,0.0,0.0
258,LotusWear UR-30,Streetwear,Standard,L,103.0,763735.31,-37347.96249999998,-0.04890170980833658,0.0,0.0,0.0,0.0
1584,VietMode RS-22,Outdoor,Premium,S,204.0,768878.99,-34504.17001517237,-0.04487594337201537,4.0,17.0,2.0,39356.55
392,SaigonFlex RP-01,Outdoor,Activewear,S,24.0,106882.60999999999,-32807.28999999999,-0.30694693926355276,0.0,0.0,0.0,0.0
1522,VietMode RP-14,Outdoor,Activewear,L,113.0,644447.55,-31722.18899999999,-0.04922384917127855,1.0,4.0,1.0,22725.98
1235,VietMode MP-03,Casual,Activewear,XL,62.0,310036.24,-31273.945999999993,-0.10087190452316153,0.0,0.0,0.0,0.0
382,LotusWear UE-03,Streetwear,Performance,L,83.0,825224.47,-30929.29521500001,-0.03747985710481902,1.0,4.0,0.0,0.0
336,LotusWear UE-57,Streetwear,Performance,S,124.0,1304577.25,-30903.679999999913,-0.02368865469637763,1.0,3.0,1.0,24707.92
1342,VietMode RP-34,Outdoor,Activewear,L,163.0,585207.88,-29671.711869565217,-0.05070285770855515,3.0,14.0,1.0,22159.73
191,DragonWear UC-03,Streetwear,Everyday,XL,39.0,322926.96,-29232.88440000002,-0.09052475643408658,0.0,0.0,0.0,0.0
38,DragonWear MA-38,Casual,All-weather,L,197.0,897914.68,-29162.198000000033,-0.03247769376039161,2.0,9.0,0.0,0.0
1693,NamStyle YY-04,GenZ,Trendy,M,170.0,615109.02,-28886.819745762623,-0.04696211371727669,4.0,13.0,1.0,11913.71
40,DragonWear MA-40,Casual,All-weather,S,67.0,773232.31,-28356.69499999995,-0.03667293080393905,1.0,4.0,1.0,44619.53
1756,SaigonCore UR-02,Streetwear,Standard,S,20.0,79438.45,-28171.84999999999,-0.3546374583089171,0.0,0.0,0.0,0.0
1314,VietMode RP-06,Outdoor,Activewear,L,156.0,509941.71,-28118.358000000022,-0.05514033751034019,4.0,7.0,3.0,14048.91
975,HanoiStreet UC-38,Streetwear,Everyday,XL,93.0,753947.99,-27661.48900000002,-0.03668885568618602,1.0,1.0,1.0,5855.12
1424,VietMode RP-16,Outdoor,Activewear,S,53.0,194804.88,-27206.8995,-0.13966230979429262,2.0,6.0,1.0,10288.86
2117,PhoenixWear UM-08,Streetwear,Balanced,M,98.0,747934.04,-26878.607000000044,-0.03593713557949581,0.0,0.0,0.0,0.0
1769,SaigonCore UE-04,Streetwear,Performance,M,9.0,77626.81999999999,-26865.893500000002,-0.3460903525353738,0.0,0.0,0.0,0.0
962,HanoiStreet UC-25,Streetwear,Everyday,L,66.0,343061.76,-26053.538999999953,-0.07594416527216544,0.0,0.0,0.0,0.0
1714,NamStyle YY-25,GenZ,Trendy,L,347.0,410008.17,-25653.11354347821,-0.06256732284987934,1.0,4.0,0.0,0.0
1575,VietMode RS-13,Outdoor,Premium,XL,25.0,54154.65,-25569.220047169805,-0.4721518844119536,1.0,3.0,1.0,7119.7
442,SaigonFlex UM-47,Streetwear,Balanced,L,64.0,536329.15,-25468.653636363582,-0.047486983760557454,2.0,2.0,1.0,8361.41
1559,VietMode RP-51,Outdoor,Activewear,XL,93.0,377265.54,-25285.626499999973,-0.0670234193666349,0.0,0.0,0.0,0.0
1551,VietMode RP-43,Outdoor,Activewear,XL,104.0,472613.2,-25214.311999999994,-0.053350841660791515,1.0,3.0,1.0,14883.32
1458,VietMode RP-50,Outdoor,Activewear,L,55.0,226417.32,-25112.511630000005,-0.11091250276259786,1.0,4.0,1.0,15445.24
1341,VietMode RP-33,Outdoor,Activewear,M,148.0,533567.69,-24727.890347826098,-0.04634442979076582,1.0,1.0,0.0,0.0
1706,NamStyle YY-17,GenZ,Trendy,L,109.0,268220.73,-24625.91849999999,-0.09181213733927274,2.0,10.0,0.0,0.0
1207,MekongFit UC-09,Streetwear,Everyday,XL,51.0,379420.33,-23870.239769230775,-0.06291238998508797,1.0,3.0,0.0,0.0
1790,SaigonCore UE-25,Streetwear,Performance,L,157.0,713619.61,-22765.438909999968,-0.03190136396335853,0.0,0.0,0.0,0.0
1749,SaigonCore UM-01,Streetwear,Balanced,M,144.0,890930.25,-22532.512005818084,-0.02529099444745319,2.0,5.0,0.0,0.0
2167,PhoenixWear UE-20,Streetwear,Performance,XL,18.0,95993.37,-22484.492999999988,-0.2342296452348739,0.0,0.0,0.0,0.0
1397,VietMode RP-89,Outdoor,Activewear,M,63.0,227675.77,-22387.106,-0.09832889112442664,2.0,3.0,0.0,0.0
2044,UrbanVN UE-04,Streetwear,Performance,S,80.0,335328.02,-21234.339999999967,-0.06332408487665292,2.0,5.0,1.0,8343.35
1211,MekongFit UC-13,Streetwear,Everyday,XL,90.0,720355.0800000001,-21004.30500000005,-0.029158265948509794,4.0,11.0,1.0,8380.07
2270,VietMotion RS-03,Outdoor,Premium,L,297.0,1045461.05,-20717.27771153838,-0.019816403214197583,5.0,14.0,1.0,5366.45
1363,VietMode RP-55,Outdoor,Activewear,XL,180.0,379067.65,-20707.176079999972,-0.05462659786452358,4.0,5.0,2.0,4358.63
1577,VietMode RS-15,Outdoor,Premium,M,69.0,371537.88,-20696.27699999999,-0.05570435240681244,1.0,1.0,0.0,0.0
813,HanoiStreet RS-17,Outdoor,Premium,M,93.0,286463.48,-19613.609499999995,-0.06846809757390365,1.0,1.0,0.0,0.0
1411,VietMode RP-03,Outdoor,Activewear,XL,59.0,149121.23,-18661.700497000005,-0.1251444914785105,1.0,4.0,1.0,12316.17
608,SaigonFlex UC-73,Streetwear,Everyday,S,204.0,2248697.86,-18587.720000000078,-0.008265992657635241,5.0,7.0,1.0,10992.5
1561,VietMode RP-53,Outdoor,Activewear,M,30.0,123310.38,-18336.61499999999,-0.14870293157802278,1.0,2.0,0.0,0.0
1511,VietMode RP-03,Outdoor,Activewear,XL,280.0,1196323.19,-18296.649999999983,-0.015294069489700341,2.0,2.0,0.0,0.0
1351,VietMode RP-43,Outdoor,Activewear,XL,275.0,974999.22,-17820.74055000001,-0.018277697237542415,3.0,9.0,0.0,0.0
1715,NamStyle YY-26,GenZ,Trendy,XL,88.0,245996.36000000002,-16875.172,-0.06859927520878763,4.0,7.0,2.0,11254.259999999998
231,LotusWear UR-03,Streetwear,Standard,XL,45.0,352008.56,-16122.809725000016,-0.04580232288953432,1.0,2.0,0.0,0.0
27,DragonWear MA-27,Casual,All-weather,XL,50.0,220993.39,-15760.292974999986,-0.07131567588967247,1.0,3.0,0.0,0.0
29,DragonWear MA-29,Casual,All-weather,M,22.0,115908.57,-15629.759999999987,-0.13484559424725873,2.0,8.0,0.0,0.0
1727,SaigonCore MA-02,Casual,All-weather,XL,13.0,88105.76000000001,-15599.959389999978,-0.17705947250213808,2.0,3.0,0.0,0.0
524,SaigonFlex UE-12,Streetwear,Performance,S,7.0,34768.27,-15484.782500000008,-0.4453710955419988,0.0,0.0,0.0,0.0
2119,PhoenixWear UM-10,Streetwear,Balanced,XL,118.0,818667.8200000001,-14873.184169999917,-0.018167544645885696,2.0,7.0,0.0,0.0
247,LotusWear UR-19,Streetwear,Standard,XL,115.0,523399.56,-14325.405441176496,-0.02736992259064279,3.0,9.0,1.0,4681.8
1669,VietMode UR-02,Streetwear,Standard,M,6.0,15606.060000000001,-14192.057999999994,-0.9093940430832633,0.0,0.0,0.0,0.0
393,SaigonFlex RP-02,Outdoor,Activewear,M,20.0,97588.15999999999,-14151.506500000005,-0.1450125353321551,0.0,0.0,0.0,0.0
1812,SaigonCore YY-07,GenZ,Trendy,S,194.0,189467.62,-13883.470999999978,-0.07327621996835121,1.0,7.0,1.0,5868.68
481,SaigonFlex UM-86,Streetwear,Balanced,M,154.0,1387241.47,-13777.604000000192,-0.009931655229424617,3.0,5.0,3.0,35275.84
1765,SaigonCore UR-11,Streetwear,Standard,M,104.0,207457.59,-13452.389612903247,-0.06484404650079685,2.0,3.0,1.0,4294.24
1316,VietMode RP-08,Outdoor,Activewear,S,126.0,504042.24,-13081.425922499933,-0.02595303505218121,0.0,0.0,0.0,0.0
1381,VietMode RP-73,Outdoor,Activewear,M,100.0,412167.19,-12847.609999999931,-0.031170870248065915,1.0,1.0,0.0,0.0
1713,NamStyle YY-24,GenZ,Trendy,M,101.0,117200.56999999999,-12703.256499999985,-0.10838903343217517,3.0,15.0,2.0,9780.54
2377,VietMotion UC-25,Streetwear,Everyday,M,8.0,65358.52,-12594.439279999995,-0.19269774284974622,0.0,0.0,0.0,0.0
837,HanoiStreet UM-21,Streetwear,Balanced,M,52.0,484424.05,-12524.26549999999,-0.02585393004331637,1.0,1.0,0.0,0.0
233,LotusWear UR-05,Streetwear,Standard,M,19.0,73000.02,-12229.372499999994,-0.16752560478750544,1.0,1.0,1.0,3325.15
1651,VietMode RS-89,Outdoor,Premium,XL,19.0,96508.77,-11828.931937499994,-0.12256846644610633,0.0,0.0,0.0,0.0
63,DragonWear RP-18,Outdoor,Activewear,XL,59.0,241603.4,-11690.51915357897,-0.04838722945777655,2.0,3.0,1.0,4681.57
1692,NamStyle YY-03,GenZ,Trendy,S,179.0,193289.69,-11636.387730769213,-0.06020180243844984,3.0,11.0,0.0,0.0
1849,SaigonCore YY-44,GenZ,Trendy,M,107.0,270381.49,-11328.270500000002,-0.04189735954188285,3.0,11.0,1.0,5581.35
327,LotusWear UE-48,Streetwear,Performance,XL,63.0,827495.48,-11263.3675,-0.013611394590336615,1.0,1.0,1.0,13048.11
1674,VietMode UE-04,Streetwear,Performance,L,5.0,48623.340000000004,-11223.667499999996,-0.23082880567233752,0.0,0.0,0.0,0.0
19,DragonWear MA-19,Casual,All-weather,XL,18.0,64022.850000000006,-11067.275888262298,-0.17286446773710162,0.0,0.0,0.0,0.0
1602,VietMode RS-40,Outdoor,Premium,L,8.0,23780.42,-10688.392,-0.44946186820922424,0.0,0.0,0.0,0.0
1679,VietMode UE-09,Streetwear,Performance,XL,70.0,702177.59,-10675.947586206868,-0.015204056264750444,0.0,0.0,0.0,0.0
66,DragonWear RP-21,Outdoor,Activewear,L,37.0,167240.23,-10035.35029999998,-0.06000559972920379,2.0,8.0,1.0,3956.63
1289,VietMode MA-25,Casual,All-weather,M,85.0,447779.19,-10022.43750000007,-0.02238254417316729,3.0,5.0,1.0,8245.16
1280,VietMode MA-16,Casual,All-weather,S,6.0,20736.9,-9889.27328571429,-0.47689255798669467,0.0,0.0,0.0,0.0
197,DragonWear YY-01,GenZ,Trendy,M,14.0,70486.5,-9868.11,-0.14,1.0,3.0,0.0,0.0
175,DragonWear UE-03,Streetwear,Performance,XL,22.0,148264.61000000002,-9607.719999999985,-0.06480116866729008,2.0,5.0,0.0,0.0
2289,VietMotion UM-04,Streetwear,Balanced,M,4.0,29370.96,-9586.755719999994,-0.32640253229720767,0.0,0.0,0.0,0.0
312,LotusWear UE-33,Streetwear,Performance,S,15.0,123630.06,-9192.052500000013,-0.07435127427746951,0.0,0.0,0.0,0.0
1387,VietMode RP-79,Outdoor,Activewear,XL,7.0,21235.81,-8501.260999999997,-0.40032666519431076,0.0,0.0,0.0,0.0
1625,VietMode RS-63,Outdoor,Premium,M,7.0,21006.829999999998,-8398.623112000005,-0.39980440228249603,0.0,0.0,0.0,0.0
2378,VietMotion UC-26,Streetwear,Everyday,L,3.0,19422.17,-8372.170000000006,-0.43106254347480255,0.0,0.0,0.0,0.0
1870,BambooCraft UM-08,Streetwear,Balanced,L,188.0,1801699.16,-8252.476098360734,-0.004580385161727408,4.0,12.0,1.0,14785.44
535,SaigonFlex UE-23,Streetwear,Performance,XL,96.0,539390.21,-8223.077200000025,-0.015245136169601643,0.0,0.0,0.0,0.0
1759,SaigonCore UR-05,Streetwear,Standard,XL,5.0,16965.53,-8199.935243902437,-0.4833291529296425,0.0,0.0,0.0,0.0
111,DragonWear UM-38,Streetwear,Balanced,XL,6.0,46348.25,-7875.850000000006,-0.16992766717189983,0.0,0.0,0.0,0.0
1398,VietMode RP-90,Outdoor,Activewear,L,43.0,158932.0,-7757.364464000005,-0.04880933017894448,2.0,8.0,2.0,28408.42
672,SaigonFlex UC-37,Streetwear,Everyday,S,64.0,662640.74,-7644.438181818268,-0.011536323863543719,2.0,2.0,2.0,19530.71
1687,VietMode UE-17,Streetwear,Performance,XL,78.0,646248.97,-7255.362764705933,-0.011226884840846916,1.0,4.0,0.0,0.0
1732,SaigonCore RP-01,Outdoor,Activewear,S,10.0,43644.16,-7222.355,-0.16548273583453088,1.0,5.0,1.0,22729.71
1294,VietMode MA-30,Casual,All-weather,L,3.0,18517.38,-6975.128999999997,-0.3766801242940414,1.0,1.0,1.0,6484.27
291,LotusWear UE-12,Streetwear,Performance,XL,27.0,246718.31,-6905.042500000018,-0.027987555929675497,0.0,0.0,0.0,0.0
1478,VietMode RP-70,Outdoor,Activewear,L,42.0,154285.54,-6540.985999999961,-0.0423953275206475,0.0,0.0,0.0,0.0
1388,VietMode RP-80,Outdoor,Activewear,S,6.0,18955.809999999998,-6533.107999999998,-0.34464937135369045,0.0,0.0,0.0,0.0
1240,VietMode MP-08,Casual,Activewear,S,21.0,106618.35,-6485.581499999999,-0.060829880597476876,2.0,4.0,0.0,0.0
1764,SaigonCore UR-10,Streetwear,Standard,S,39.0,204473.27,-6128.023084000026,-0.029969800375374375,0.0,0.0,0.0,0.0
1470,VietMode RP-62,Outdoor,Activewear,L,3.0,11112.74,-5884.624794117646,-0.5295386011116652,0.0,0.0,0.0,0.0
1469,VietMode RP-61,Outdoor,Activewear,M,4.0,14815.84,-5165.904212705886,-0.34867440608874595,0.0,0.0,0.0,0.0
1675,VietMode UE-05,Streetwear,Performance,XL,17.0,79813.97,-5158.992213999985,-0.06463770958893518,0.0,0.0,0.0,0.0
1564,VietMode RS-02,Outdoor,Premium,S,69.0,251623.07,-4946.568777999984,-0.01965864567982572,0.0,0.0,0.0,0.0
1783,SaigonCore UE-18,Streetwear,Performance,XL,30.0,200452.32,-4924.175624999988,-0.02456532119458626,0.0,0.0,0.0,0.0
811,HanoiStreet RS-15,Outdoor,Premium,XL,20.0,55074.39,-4763.640000000009,-0.08649464842007346,0.0,0.0,0.0,0.0
1486,VietMode RP-78,Outdoor,Activewear,L,28.0,107986.01,-4538.374000000006,-0.04202742558966672,0.0,0.0,0.0,0.0
10,DragonWear MA-10,Casual,All-weather,L,64.0,493092.7,-4476.259999999901,-0.009077927943366228,1.0,1.0,0.0,0.0
846,HanoiStreet UM-30,Streetwear,Balanced,L,117.0,771968.73,-4455.1454999999805,-0.005771147621484591,0.0,0.0,0.0,0.0
226,LotusWear UM-04,Streetwear,Balanced,L,28.0,231906.0,-4298.009999999995,-0.018533414400662314,0.0,0.0,0.0,0.0
1263,VietMode MP-31,Casual,Activewear,XL,133.0,751903.1,-4222.049499999976,-0.0056151510746530724,3.0,8.0,1.0,33593.84
70,DragonWear RS-03,Outdoor,Premium,L,14.0,50378.21,-4101.411196000001,-0.08141240421205916,0.0,0.0,0.0,0.0
1968,UrbanVN RP-43,Outdoor,Activewear,S,8.0,17984.949999999997,-3795.662000000004,-0.21104656949282619,0.0,0.0,0.0,0.0
1107,MekongFit RP-53,Outdoor,Activewear,XL,18.0,29108.01,-3738.867,-0.12844804574410962,0.0,0.0,0.0,0.0
1725,NamStyle YY-36,GenZ,Trendy,M,52.0,72600.26,-3617.517999999989,-0.049827893178343845,1.0,3.0,1.0,3499.1
57,DragonWear RP-12,Outdoor,Activewear,M,28.0,94391.33,-3397.6938181817986,-0.035995825232908556,0.0,0.0,0.0,0.0
256,LotusWear UR-28,Streetwear,Standard,S,14.0,68908.22,-3109.284999999998,-0.04512212040885685,0.0,0.0,0.0,0.0
1432,VietMode RP-24,Outdoor,Activewear,S,118.0,455833.48,-3074.773999999984,-0.006745388688869418,1.0,1.0,0.0,0.0
2149,PhoenixWear UE-02,Streetwear,Performance,M,185.0,915862.64,-3023.3874999998607,-0.003301136401851549,1.0,1.0,0.0,0.0
1556,VietMode RP-48,Outdoor,Activewear,S,5.0,12366.64,-2939.229845,-0.2376740848767329,0.0,0.0,0.0,0.0
843,HanoiStreet UM-27,Streetwear,Balanced,XL,10.0,56923.78999999999,-2920.225000000002,-0.05130060735590519,0.0,0.0,0.0,0.0
1122,MekongFit RS-10,Outdoor,Premium,L,49.0,67016.92,-2829.027500000004,-0.04221363052793241,2.0,4.0,0.0,0.0
1309,VietMode RP-01,Outdoor,Activewear,M,8.0,21518.41,-2771.1140000000014,-0.12877875270524175,1.0,3.0,0.0,0.0
1617,VietMode RS-55,Outdoor,Premium,M,5.0,14585.959999999997,-2473.8342550000034,-0.169603800846842,0.0,0.0,0.0,0.0
771,HanoiStreet RP-59,Outdoor,Activewear,XL,25.0,45454.25,-2410.7875000000013,-0.05303766974485337,0.0,0.0,0.0,0.0
1903,BambooCraft UC-22,Streetwear,Everyday,XL,94.0,857663.24,-2282.944243243086,-0.0026618189246901684,2.0,10.0,0.0,0.0
1563,VietMode RS-01,Outdoor,Premium,XL,9.0,25962.840000000004,-2227.5007379999943,-0.0857957272008761,0.0,0.0,0.0,0.0
1857,SaigonCore YY-52,GenZ,Trendy,M,6.0,4631.33,-2054.9582155348835,-0.4437080094778138,0.0,0.0,0.0,0.0
1102,MekongFit RP-48,Outdoor,Activewear,L,8.0,18474.51,-1869.7020000000011,-0.1012044162470345,0.0,0.0,0.0,0.0
772,HanoiStreet RP-60,Outdoor,Activewear,S,18.0,31181.260000000002,-1855.8942619999993,-0.059519540326465295,0.0,0.0,0.0,0.0
5,DragonWear MA-05,Casual,All-weather,M,1.0,6752.76,-1745.9399999999987,-0.2585520587137702,0.0,0.0,0.0,0.0
1634,VietMode RS-72,Outdoor,Premium,L,2.0,5698.3,-1707.5092640000003,-0.29965239878560274,0.0,0.0,0.0,0.0
1716,NamStyle YY-27,GenZ,Trendy,S,2.0,6583.81,-1554.5929999999998,-0.2361236123156652,0.0,0.0,0.0,0.0
210,IndigoViet UM-12,Streetwear,Balanced,L,2.0,19319.760000000002,-1434.7217567213083,-0.0742618830006847,0.0,0.0,0.0,0.0
2166,PhoenixWear UE-19,Streetwear,Performance,L,22.0,106134.82999999999,-1016.2160020000183,-0.00957476449531241,0.0,0.0,0.0,0.0
1615,VietMode RS-53,Outdoor,Premium,XL,1.0,2015.95,-993.5544411764702,-0.49284676761649354,0.0,0.0,0.0,0.0
73,DragonWear RS-06,Outdoor,Premium,M,11.0,39707.27,-864.4464999999941,-0.02177048434707282,0.0,0.0,0.0,0.0
1346,VietMode RP-38,Outdoor,Activewear,L,2.0,6151.52,-848.2179760000004,-0.13788754259109948,0.0,0.0,0.0,0.0
1063,MekongFit RP-09,Outdoor,Activewear,XL,6.0,10509.55,-663.8464999999997,-0.06316602518661596,1.0,3.0,0.0,0.0
1448,VietMode RP-40,Outdoor,Activewear,S,4.0,4335.97,-634.0697599999994,-0.146234812510234,0.0,0.0,0.0,0.0
1447,VietMode RP-39,Outdoor,Activewear,XL,1.0,1113.58,-501.173,-0.45005567628728965,0.0,0.0,0.0,0.0
1842,SaigonCore YY-37,GenZ,Trendy,L,19.0,55269.72,-439.25850000000173,-0.007947543428843165,0.0,0.0,0.0,0.0
1149,MekongFit UR-06,Streetwear,Standard,M,6.0,2072.77,-437.33899999999994,-0.21099253655736042,0.0,0.0,0.0,0.0
1696,NamStyle YY-07,GenZ,Trendy,S,62.0,129461.06,-376.332999999996,-0.0029069204284284094,3.0,7.0,1.0,3932.88
60,DragonWear RP-15,Outdoor,Activewear,S,1.0,3790.69,-339.15479600000026,-0.08947046474388574,0.0,0.0,0.0,0.0
2356,VietMotion UC-04,Streetwear,Everyday,S,5.0,29131.48,-284.68159999999625,-0.00977230130429337,1.0,2.0,0.0,0.0
